PRAGMA foreign_keys=OFF;
BEGIN TRANSACTION;
CREATE TABLE IF NOT EXISTS "django_migrations" ("id" integer NOT NULL PRIMARY KEY AUTOINCREMENT, "app" varchar(255) NOT NULL, "name" varchar(255) NOT NULL, "applied" datetime NOT NULL);
INSERT INTO django_migrations VALUES(1,'contenttypes','0001_initial','2025-05-21 09:44:26.538457');
INSERT INTO django_migrations VALUES(2,'auth','0001_initial','2025-05-21 09:44:26.563804');
INSERT INTO django_migrations VALUES(3,'admin','0001_initial','2025-05-21 09:44:26.596569');
INSERT INTO django_migrations VALUES(4,'admin','0002_logentry_remove_auto_add','2025-05-21 09:44:26.609971');
INSERT INTO django_migrations VALUES(5,'admin','0003_logentry_add_action_flag_choices','2025-05-21 09:44:26.619960');
INSERT INTO django_migrations VALUES(6,'contenttypes','0002_remove_content_type_name','2025-05-21 09:44:26.636474');
INSERT INTO django_migrations VALUES(7,'auth','0002_alter_permission_name_max_length','2025-05-21 09:44:26.648112');
INSERT INTO django_migrations VALUES(8,'auth','0003_alter_user_email_max_length','2025-05-21 09:44:26.660243');
INSERT INTO django_migrations VALUES(9,'auth','0004_alter_user_username_opts','2025-05-21 09:44:26.670843');
INSERT INTO django_migrations VALUES(10,'auth','0005_alter_user_last_login_null','2025-05-21 09:44:26.681858');
INSERT INTO django_migrations VALUES(11,'auth','0006_require_contenttypes_0002','2025-05-21 09:44:26.686987');
INSERT INTO django_migrations VALUES(12,'auth','0007_alter_validators_add_error_messages','2025-05-21 09:44:26.695396');
INSERT INTO django_migrations VALUES(13,'auth','0008_alter_user_username_max_length','2025-05-21 09:44:26.705492');
INSERT INTO django_migrations VALUES(14,'auth','0009_alter_user_last_name_max_length','2025-05-21 09:44:26.716757');
INSERT INTO django_migrations VALUES(15,'auth','0010_alter_group_name_max_length','2025-05-21 09:44:26.726959');
INSERT INTO django_migrations VALUES(16,'auth','0011_update_proxy_permissions','2025-05-21 09:44:26.734582');
INSERT INTO django_migrations VALUES(17,'auth','0012_alter_user_first_name_max_length','2025-05-21 09:44:26.747103');
INSERT INTO django_migrations VALUES(18,'product','0001_initial','2025-05-21 09:44:26.783367');
INSERT INTO django_migrations VALUES(19,'product','0002_timeuser_product_datefrom_product_dateto_and_more','2025-05-21 09:44:26.821851');
INSERT INTO django_migrations VALUES(20,'sessions','0001_initial','2025-05-21 09:44:26.832706');
INSERT INTO django_migrations VALUES(21,'user','0001_initial','2025-05-21 09:44:26.845184');
INSERT INTO django_migrations VALUES(22,'user','0002_myuser_name','2025-05-21 09:44:26.855449');
INSERT INTO django_migrations VALUES(23,'user','0003_alter_myuser_phone','2025-05-21 09:44:26.867757');
INSERT INTO django_migrations VALUES(24,'user','0004_alter_myuser_avatar','2025-05-21 09:44:26.881746');
INSERT INTO django_migrations VALUES(25,'order','0001_initial','2025-05-22 12:09:12.300443');
INSERT INTO django_migrations VALUES(26,'order','0002_ordermodel_alter_orderprodcut_order','2025-05-22 12:09:12.319182');
INSERT INTO django_migrations VALUES(27,'order','0003_alter_ordermodel_address_alter_ordermodel_city_and_more','2025-05-26 14:14:37.706384');
CREATE TABLE IF NOT EXISTS "auth_group_permissions" ("id" integer NOT NULL PRIMARY KEY AUTOINCREMENT, "group_id" integer NOT NULL REFERENCES "auth_group" ("id") DEFERRABLE INITIALLY DEFERRED, "permission_id" integer NOT NULL REFERENCES "auth_permission" ("id") DEFERRABLE INITIALLY DEFERRED);
CREATE TABLE IF NOT EXISTS "auth_user_groups" ("id" integer NOT NULL PRIMARY KEY AUTOINCREMENT, "user_id" integer NOT NULL REFERENCES "auth_user" ("id") DEFERRABLE INITIALLY DEFERRED, "group_id" integer NOT NULL REFERENCES "auth_group" ("id") DEFERRABLE INITIALLY DEFERRED);
CREATE TABLE IF NOT EXISTS "auth_user_user_permissions" ("id" integer NOT NULL PRIMARY KEY AUTOINCREMENT, "user_id" integer NOT NULL REFERENCES "auth_user" ("id") DEFERRABLE INITIALLY DEFERRED, "permission_id" integer NOT NULL REFERENCES "auth_permission" ("id") DEFERRABLE INITIALLY DEFERRED);
CREATE TABLE IF NOT EXISTS "django_admin_log" ("id" integer NOT NULL PRIMARY KEY AUTOINCREMENT, "object_id" text NULL, "object_repr" varchar(200) NOT NULL, "action_flag" smallint unsigned NOT NULL CHECK ("action_flag" >= 0), "change_message" text NOT NULL, "content_type_id" integer NULL REFERENCES "django_content_type" ("id") DEFERRABLE INITIALLY DEFERRED, "user_id" integer NOT NULL REFERENCES "auth_user" ("id") DEFERRABLE INITIALLY DEFERRED, "action_time" datetime NOT NULL);
INSERT INTO django_admin_log VALUES(1,'1','Videocart',1,'[{"added": {}}]',8,1,'2025-05-21 09:46:26.529101');
INSERT INTO django_admin_log VALUES(2,'1','Videocart123',1,'[{"added": {}}]',11,1,'2025-05-21 09:47:04.012050');
INSERT INTO django_admin_log VALUES(3,'1','Texnic',1,'[{"added": {}}]',10,1,'2025-05-21 09:47:53.573750');
INSERT INTO django_admin_log VALUES(4,'1','Color',1,'[{"added": {}}]',9,1,'2025-05-21 09:48:02.654402');
INSERT INTO django_admin_log VALUES(5,'1','SpecificationsProduct object (1)',1,'[{"added": {}}]',14,1,'2025-05-21 09:48:08.751133');
INSERT INTO django_admin_log VALUES(6,'1','Reviews object (1)',1,'[{"added": {}}]',13,1,'2025-05-21 09:48:23.169320');
INSERT INTO django_admin_log VALUES(7,'1','ProductTask object (1)',1,'[{"added": {}}]',15,1,'2025-05-21 09:48:30.167034');
INSERT INTO django_admin_log VALUES(8,'1','ProductImages object (1)',1,'[{"added": {}}]',12,1,'2025-05-21 09:48:42.525599');
INSERT INTO django_admin_log VALUES(9,'1','Basket object (1)',1,'[{"added": {}}]',17,1,'2025-05-21 09:48:57.986435');
INSERT INTO django_admin_log VALUES(10,'22','Basket object (22)',3,'',17,1,'2025-05-21 10:01:34.459266');
INSERT INTO django_admin_log VALUES(11,'21','Basket object (21)',3,'',17,1,'2025-05-21 10:01:34.459300');
INSERT INTO django_admin_log VALUES(12,'20','Basket object (20)',3,'',17,1,'2025-05-21 10:01:34.459311');
INSERT INTO django_admin_log VALUES(13,'19','Basket object (19)',3,'',17,1,'2025-05-21 10:01:34.459322');
INSERT INTO django_admin_log VALUES(14,'18','Basket object (18)',3,'',17,1,'2025-05-21 10:01:34.459332');
INSERT INTO django_admin_log VALUES(15,'17','Basket object (17)',3,'',17,1,'2025-05-21 10:01:34.459341');
INSERT INTO django_admin_log VALUES(16,'16','Basket object (16)',3,'',17,1,'2025-05-21 10:01:34.459350');
INSERT INTO django_admin_log VALUES(17,'15','Basket object (15)',3,'',17,1,'2025-05-21 10:01:34.459360');
INSERT INTO django_admin_log VALUES(18,'14','Basket object (14)',3,'',17,1,'2025-05-21 10:01:34.459370');
INSERT INTO django_admin_log VALUES(19,'13','Basket object (13)',3,'',17,1,'2025-05-21 10:01:34.459379');
INSERT INTO django_admin_log VALUES(20,'12','Basket object (12)',3,'',17,1,'2025-05-21 10:01:34.459388');
INSERT INTO django_admin_log VALUES(21,'11','Basket object (11)',3,'',17,1,'2025-05-21 10:01:34.459397');
INSERT INTO django_admin_log VALUES(22,'10','Basket object (10)',3,'',17,1,'2025-05-21 10:01:34.459406');
INSERT INTO django_admin_log VALUES(23,'9','Basket object (9)',3,'',17,1,'2025-05-21 10:01:34.459414');
INSERT INTO django_admin_log VALUES(24,'8','Basket object (8)',3,'',17,1,'2025-05-21 10:01:34.459423');
INSERT INTO django_admin_log VALUES(25,'7','Basket object (7)',3,'',17,1,'2025-05-21 10:01:34.459432');
INSERT INTO django_admin_log VALUES(26,'6','Basket object (6)',3,'',17,1,'2025-05-21 10:01:34.459441');
INSERT INTO django_admin_log VALUES(27,'5','Basket object (5)',3,'',17,1,'2025-05-21 10:01:34.459449');
INSERT INTO django_admin_log VALUES(28,'4','Basket object (4)',3,'',17,1,'2025-05-21 10:01:34.459498');
INSERT INTO django_admin_log VALUES(29,'3','Basket object (3)',3,'',17,1,'2025-05-21 10:01:34.459513');
INSERT INTO django_admin_log VALUES(30,'2','Basket object (2)',3,'',17,1,'2025-05-21 10:01:34.459523');
INSERT INTO django_admin_log VALUES(31,'23','Basket object (23)',3,'',17,1,'2025-05-21 10:03:14.905619');
INSERT INTO django_admin_log VALUES(32,'24','Basket object (24)',3,'',17,1,'2025-05-21 10:04:50.711470');
INSERT INTO django_admin_log VALUES(33,'1','Basket object (1)',3,'',17,1,'2025-05-21 10:11:25.846219');
INSERT INTO django_admin_log VALUES(34,'25','Basket object (25)',1,'[{"added": {}}]',17,1,'2025-05-21 10:11:33.932664');
INSERT INTO django_admin_log VALUES(35,'4','Timebasket object (4)',3,'',18,1,'2025-05-21 11:24:53.969038');
INSERT INTO django_admin_log VALUES(36,'3','Timebasket object (3)',3,'',18,1,'2025-05-21 11:24:53.969082');
INSERT INTO django_admin_log VALUES(37,'2','Timebasket object (2)',3,'',18,1,'2025-05-21 11:24:53.969095');
INSERT INTO django_admin_log VALUES(38,'1','Timebasket object (1)',3,'',18,1,'2025-05-21 11:24:53.969106');
INSERT INTO django_admin_log VALUES(39,'1','ProductImages object (1)',2,'[{"changed": {"fields": ["Image"]}}]',12,1,'2025-05-21 12:15:48.596974');
INSERT INTO django_admin_log VALUES(40,'2','ProductImages object (2)',1,'[{"added": {}}]',12,1,'2025-05-21 12:17:45.091584');
INSERT INTO django_admin_log VALUES(41,'1','Videocart750',2,'[{"changed": {"fields": ["Title"]}}]',11,1,'2025-05-21 12:19:18.880990');
INSERT INTO django_admin_log VALUES(42,'2','ProductImages object (2)',2,'[{"changed": {"fields": ["Image"]}}]',12,1,'2025-05-21 12:24:31.965078');
INSERT INTO django_admin_log VALUES(43,'3','ProductImages object (3)',1,'[{"added": {}}]',12,1,'2025-05-21 12:25:33.372676');
INSERT INTO django_admin_log VALUES(44,'2','Videocart125',1,'[{"added": {}}]',11,1,'2025-05-21 14:41:42.052115');
INSERT INTO django_admin_log VALUES(45,'4','ProductImages object (4)',1,'[{"added": {}}]',12,1,'2025-05-21 14:45:05.670884');
INSERT INTO django_admin_log VALUES(46,'1','Videocart750',2,'[{"changed": {"fields": ["Price"]}}]',11,1,'2025-05-21 14:45:54.789388');
INSERT INTO django_admin_log VALUES(47,'2','Videocart125',2,'[{"changed": {"fields": ["Price"]}}]',11,1,'2025-05-21 14:46:04.413195');
INSERT INTO django_admin_log VALUES(48,'3','Videocart',1,'[{"added": {}}]',11,1,'2025-05-21 14:48:07.893084');
INSERT INTO django_admin_log VALUES(49,'5','ProductImages object (5)',1,'[{"added": {}}]',12,1,'2025-05-21 14:48:25.663771');
INSERT INTO django_admin_log VALUES(50,'3','Videocart',2,'[{"changed": {"fields": ["FreeDelivery"]}}]',11,1,'2025-05-21 14:49:29.415160');
INSERT INTO django_admin_log VALUES(51,'3','Videocart',2,'[{"changed": {"fields": ["FreeDelivery"]}}]',11,1,'2025-05-21 14:51:28.206764');
INSERT INTO django_admin_log VALUES(52,'3','Videocart',2,'[{"changed": {"fields": ["FreeDelivery"]}}]',11,1,'2025-05-21 14:58:20.248296');
INSERT INTO django_admin_log VALUES(53,'2','Videocart125',2,'[{"changed": {"fields": ["Rating"]}}]',11,1,'2025-05-21 15:45:29.962524');
INSERT INTO django_admin_log VALUES(54,'1','OrderModel object (1)',1,'[{"added": {}}]',20,1,'2025-05-26 12:02:00.890338');
INSERT INTO django_admin_log VALUES(55,'1','OrderProdcut object (1)',1,'[{"added": {}}]',19,1,'2025-05-26 12:02:11.256239');
INSERT INTO django_admin_log VALUES(56,'2','OrderProdcut object (2)',1,'[{"added": {}}]',19,1,'2025-05-26 12:02:19.734564');
INSERT INTO django_admin_log VALUES(57,'16','OrderProdcut object (16)',3,'',19,1,'2025-05-30 11:44:36.518335');
INSERT INTO django_admin_log VALUES(58,'15','OrderProdcut object (15)',3,'',19,1,'2025-05-30 11:44:36.518375');
INSERT INTO django_admin_log VALUES(59,'14','OrderProdcut object (14)',3,'',19,1,'2025-05-30 11:44:36.518388');
INSERT INTO django_admin_log VALUES(60,'13','OrderProdcut object (13)',3,'',19,1,'2025-05-30 11:44:36.518397');
INSERT INTO django_admin_log VALUES(61,'12','OrderProdcut object (12)',3,'',19,1,'2025-05-30 11:44:36.518407');
INSERT INTO django_admin_log VALUES(62,'11','OrderProdcut object (11)',3,'',19,1,'2025-05-30 11:44:36.518415');
INSERT INTO django_admin_log VALUES(63,'10','OrderProdcut object (10)',3,'',19,1,'2025-05-30 11:44:36.518424');
INSERT INTO django_admin_log VALUES(64,'9','OrderProdcut object (9)',3,'',19,1,'2025-05-30 11:44:36.518432');
INSERT INTO django_admin_log VALUES(65,'8','OrderProdcut object (8)',3,'',19,1,'2025-05-30 11:44:36.518441');
INSERT INTO django_admin_log VALUES(66,'7','OrderProdcut object (7)',3,'',19,1,'2025-05-30 11:44:36.518449');
INSERT INTO django_admin_log VALUES(67,'6','OrderProdcut object (6)',3,'',19,1,'2025-05-30 11:44:36.518458');
INSERT INTO django_admin_log VALUES(68,'5','OrderProdcut object (5)',3,'',19,1,'2025-05-30 11:44:36.518468');
INSERT INTO django_admin_log VALUES(69,'4','OrderProdcut object (4)',3,'',19,1,'2025-05-30 11:44:36.518476');
INSERT INTO django_admin_log VALUES(70,'3','OrderProdcut object (3)',3,'',19,1,'2025-05-30 11:44:36.518484');
INSERT INTO django_admin_log VALUES(71,'2','OrderProdcut object (2)',3,'',19,1,'2025-05-30 11:44:36.518493');
INSERT INTO django_admin_log VALUES(72,'1','OrderProdcut object (1)',3,'',19,1,'2025-05-30 11:44:36.518501');
INSERT INTO django_admin_log VALUES(73,'10','OrderModel object (10)',3,'',20,1,'2025-05-30 12:13:20.672773');
INSERT INTO django_admin_log VALUES(74,'9','OrderModel object (9)',3,'',20,1,'2025-05-30 12:13:20.672801');
INSERT INTO django_admin_log VALUES(75,'8','OrderModel object (8)',3,'',20,1,'2025-05-30 12:13:20.672813');
INSERT INTO django_admin_log VALUES(76,'7','OrderModel object (7)',3,'',20,1,'2025-05-30 12:13:20.672823');
INSERT INTO django_admin_log VALUES(77,'6','OrderModel object (6)',3,'',20,1,'2025-05-30 12:13:20.672833');
INSERT INTO django_admin_log VALUES(78,'5','OrderModel object (5)',3,'',20,1,'2025-05-30 12:13:20.672842');
INSERT INTO django_admin_log VALUES(79,'4','OrderModel object (4)',3,'',20,1,'2025-05-30 12:13:20.672852');
INSERT INTO django_admin_log VALUES(80,'3','OrderModel object (3)',3,'',20,1,'2025-05-30 12:13:20.672880');
INSERT INTO django_admin_log VALUES(81,'2','OrderModel object (2)',3,'',20,1,'2025-05-30 12:13:20.672898');
INSERT INTO django_admin_log VALUES(82,'1','OrderModel object (1)',3,'',20,1,'2025-05-30 12:13:20.672909');
INSERT INTO django_admin_log VALUES(83,'11','OrderModel object (11)',3,'',20,1,'2025-05-30 13:49:45.708397');
INSERT INTO django_admin_log VALUES(84,'2','test',3,'',4,1,'2025-05-31 11:17:39.346941');
INSERT INTO django_admin_log VALUES(85,'3','test2',3,'',4,1,'2025-05-31 11:17:39.346969');
INSERT INTO django_admin_log VALUES(86,'35','OrderProdcut object (35)',3,'',19,1,'2025-05-31 12:06:59.801912');
INSERT INTO django_admin_log VALUES(87,'34','OrderProdcut object (34)',3,'',19,1,'2025-05-31 12:06:59.801941');
INSERT INTO django_admin_log VALUES(88,'33','OrderProdcut object (33)',3,'',19,1,'2025-05-31 12:06:59.801953');
INSERT INTO django_admin_log VALUES(89,'32','OrderProdcut object (32)',3,'',19,1,'2025-05-31 12:06:59.801963');
INSERT INTO django_admin_log VALUES(90,'31','OrderProdcut object (31)',3,'',19,1,'2025-05-31 12:06:59.801972');
INSERT INTO django_admin_log VALUES(91,'30','OrderProdcut object (30)',3,'',19,1,'2025-05-31 12:06:59.801982');
INSERT INTO django_admin_log VALUES(92,'29','OrderProdcut object (29)',3,'',19,1,'2025-05-31 12:06:59.801990');
INSERT INTO django_admin_log VALUES(93,'28','OrderProdcut object (28)',3,'',19,1,'2025-05-31 12:06:59.801998');
INSERT INTO django_admin_log VALUES(94,'27','OrderProdcut object (27)',3,'',19,1,'2025-05-31 12:06:59.802007');
INSERT INTO django_admin_log VALUES(95,'26','OrderProdcut object (26)',3,'',19,1,'2025-05-31 12:06:59.802016');
INSERT INTO django_admin_log VALUES(96,'25','OrderProdcut object (25)',3,'',19,1,'2025-05-31 12:06:59.802024');
INSERT INTO django_admin_log VALUES(97,'24','OrderProdcut object (24)',3,'',19,1,'2025-05-31 12:06:59.802033');
INSERT INTO django_admin_log VALUES(98,'23','OrderProdcut object (23)',3,'',19,1,'2025-05-31 12:06:59.802042');
INSERT INTO django_admin_log VALUES(99,'25','OrderModel object (25)',3,'',20,1,'2025-05-31 12:07:07.620619');
INSERT INTO django_admin_log VALUES(100,'24','OrderModel object (24)',3,'',20,1,'2025-05-31 12:07:07.620647');
INSERT INTO django_admin_log VALUES(101,'23','OrderModel object (23)',3,'',20,1,'2025-05-31 12:07:07.620658');
INSERT INTO django_admin_log VALUES(102,'22','OrderModel object (22)',3,'',20,1,'2025-05-31 12:07:07.620667');
INSERT INTO django_admin_log VALUES(103,'21','OrderModel object (21)',3,'',20,1,'2025-05-31 12:07:07.620676');
INSERT INTO django_admin_log VALUES(104,'20','OrderModel object (20)',3,'',20,1,'2025-05-31 12:07:07.620685');
INSERT INTO django_admin_log VALUES(105,'19','OrderModel object (19)',3,'',20,1,'2025-05-31 12:07:07.620694');
INSERT INTO django_admin_log VALUES(106,'18','OrderModel object (18)',3,'',20,1,'2025-05-31 12:07:07.620702');
INSERT INTO django_admin_log VALUES(107,'17','OrderModel object (17)',3,'',20,1,'2025-05-31 12:07:07.620711');
INSERT INTO django_admin_log VALUES(108,'16','OrderModel object (16)',3,'',20,1,'2025-05-31 12:07:07.620719');
INSERT INTO django_admin_log VALUES(109,'15','OrderModel object (15)',3,'',20,1,'2025-05-31 12:07:07.620728');
INSERT INTO django_admin_log VALUES(110,'14','OrderModel object (14)',3,'',20,1,'2025-05-31 12:07:07.620737');
INSERT INTO django_admin_log VALUES(111,'13','OrderModel object (13)',3,'',20,1,'2025-05-31 12:07:07.620745');
INSERT INTO django_admin_log VALUES(112,'12','OrderModel object (12)',3,'',20,1,'2025-05-31 12:07:07.620754');
INSERT INTO django_admin_log VALUES(113,'26','OrderModel object (26)',3,'',20,1,'2025-05-31 12:27:09.550857');
INSERT INTO django_admin_log VALUES(114,'28','OrderModel object (28)',3,'',20,1,'2025-05-31 12:29:13.175757');
INSERT INTO django_admin_log VALUES(115,'27','OrderModel object (27)',3,'',20,1,'2025-05-31 12:29:13.175799');
INSERT INTO django_admin_log VALUES(116,'29','OrderModel object (29)',3,'',20,1,'2025-05-31 12:34:07.289096');
INSERT INTO django_admin_log VALUES(117,'31','OrderModel object (31)',3,'',20,1,'2025-05-31 12:55:20.058702');
INSERT INTO django_admin_log VALUES(118,'30','OrderModel object (30)',3,'',20,1,'2025-05-31 12:55:20.058736');
CREATE TABLE IF NOT EXISTS "django_content_type" ("id" integer NOT NULL PRIMARY KEY AUTOINCREMENT, "app_label" varchar(100) NOT NULL, "model" varchar(100) NOT NULL);
INSERT INTO django_content_type VALUES(1,'admin','logentry');
INSERT INTO django_content_type VALUES(2,'auth','permission');
INSERT INTO django_content_type VALUES(3,'auth','group');
INSERT INTO django_content_type VALUES(4,'auth','user');
INSERT INTO django_content_type VALUES(5,'contenttypes','contenttype');
INSERT INTO django_content_type VALUES(6,'sessions','session');
INSERT INTO django_content_type VALUES(7,'user','myuser');
INSERT INTO django_content_type VALUES(8,'product','category');
INSERT INTO django_content_type VALUES(9,'product','specifications');
INSERT INTO django_content_type VALUES(10,'product','tags');
INSERT INTO django_content_type VALUES(11,'product','product');
INSERT INTO django_content_type VALUES(12,'product','productimages');
INSERT INTO django_content_type VALUES(13,'product','reviews');
INSERT INTO django_content_type VALUES(14,'product','specificationsproduct');
INSERT INTO django_content_type VALUES(15,'product','producttask');
INSERT INTO django_content_type VALUES(16,'product','timeuser');
INSERT INTO django_content_type VALUES(17,'product','basket');
INSERT INTO django_content_type VALUES(18,'product','timebasket');
INSERT INTO django_content_type VALUES(19,'order','orderprodcut');
INSERT INTO django_content_type VALUES(20,'order','ordermodel');
CREATE TABLE IF NOT EXISTS "auth_permission" ("id" integer NOT NULL PRIMARY KEY AUTOINCREMENT, "content_type_id" integer NOT NULL REFERENCES "django_content_type" ("id") DEFERRABLE INITIALLY DEFERRED, "codename" varchar(100) NOT NULL, "name" varchar(255) NOT NULL);
INSERT INTO auth_permission VALUES(1,1,'add_logentry','Can add log entry');
INSERT INTO auth_permission VALUES(2,1,'change_logentry','Can change log entry');
INSERT INTO auth_permission VALUES(3,1,'delete_logentry','Can delete log entry');
INSERT INTO auth_permission VALUES(4,1,'view_logentry','Can view log entry');
INSERT INTO auth_permission VALUES(5,2,'add_permission','Can add permission');
INSERT INTO auth_permission VALUES(6,2,'change_permission','Can change permission');
INSERT INTO auth_permission VALUES(7,2,'delete_permission','Can delete permission');
INSERT INTO auth_permission VALUES(8,2,'view_permission','Can view permission');
INSERT INTO auth_permission VALUES(9,3,'add_group','Can add group');
INSERT INTO auth_permission VALUES(10,3,'change_group','Can change group');
INSERT INTO auth_permission VALUES(11,3,'delete_group','Can delete group');
INSERT INTO auth_permission VALUES(12,3,'view_group','Can view group');
INSERT INTO auth_permission VALUES(13,4,'add_user','Can add user');
INSERT INTO auth_permission VALUES(14,4,'change_user','Can change user');
INSERT INTO auth_permission VALUES(15,4,'delete_user','Can delete user');
INSERT INTO auth_permission VALUES(16,4,'view_user','Can view user');
INSERT INTO auth_permission VALUES(17,5,'add_contenttype','Can add content type');
INSERT INTO auth_permission VALUES(18,5,'change_contenttype','Can change content type');
INSERT INTO auth_permission VALUES(19,5,'delete_contenttype','Can delete content type');
INSERT INTO auth_permission VALUES(20,5,'view_contenttype','Can view content type');
INSERT INTO auth_permission VALUES(21,6,'add_session','Can add session');
INSERT INTO auth_permission VALUES(22,6,'change_session','Can change session');
INSERT INTO auth_permission VALUES(23,6,'delete_session','Can delete session');
INSERT INTO auth_permission VALUES(24,6,'view_session','Can view session');
INSERT INTO auth_permission VALUES(25,7,'add_myuser','Can add my user');
INSERT INTO auth_permission VALUES(26,7,'change_myuser','Can change my user');
INSERT INTO auth_permission VALUES(27,7,'delete_myuser','Can delete my user');
INSERT INTO auth_permission VALUES(28,7,'view_myuser','Can view my user');
INSERT INTO auth_permission VALUES(29,8,'add_category','Can add category');
INSERT INTO auth_permission VALUES(30,8,'change_category','Can change category');
INSERT INTO auth_permission VALUES(31,8,'delete_category','Can delete category');
INSERT INTO auth_permission VALUES(32,8,'view_category','Can view category');
INSERT INTO auth_permission VALUES(33,9,'add_specifications','Can add specifications');
INSERT INTO auth_permission VALUES(34,9,'change_specifications','Can change specifications');
INSERT INTO auth_permission VALUES(35,9,'delete_specifications','Can delete specifications');
INSERT INTO auth_permission VALUES(36,9,'view_specifications','Can view specifications');
INSERT INTO auth_permission VALUES(37,10,'add_tags','Can add tags');
INSERT INTO auth_permission VALUES(38,10,'change_tags','Can change tags');
INSERT INTO auth_permission VALUES(39,10,'delete_tags','Can delete tags');
INSERT INTO auth_permission VALUES(40,10,'view_tags','Can view tags');
INSERT INTO auth_permission VALUES(41,11,'add_product','Can add product');
INSERT INTO auth_permission VALUES(42,11,'change_product','Can change product');
INSERT INTO auth_permission VALUES(43,11,'delete_product','Can delete product');
INSERT INTO auth_permission VALUES(44,11,'view_product','Can view product');
INSERT INTO auth_permission VALUES(45,12,'add_productimages','Can add product images');
INSERT INTO auth_permission VALUES(46,12,'change_productimages','Can change product images');
INSERT INTO auth_permission VALUES(47,12,'delete_productimages','Can delete product images');
INSERT INTO auth_permission VALUES(48,12,'view_productimages','Can view product images');
INSERT INTO auth_permission VALUES(49,13,'add_reviews','Can add reviews');
INSERT INTO auth_permission VALUES(50,13,'change_reviews','Can change reviews');
INSERT INTO auth_permission VALUES(51,13,'delete_reviews','Can delete reviews');
INSERT INTO auth_permission VALUES(52,13,'view_reviews','Can view reviews');
INSERT INTO auth_permission VALUES(53,14,'add_specificationsproduct','Can add specifications product');
INSERT INTO auth_permission VALUES(54,14,'change_specificationsproduct','Can change specifications product');
INSERT INTO auth_permission VALUES(55,14,'delete_specificationsproduct','Can delete specifications product');
INSERT INTO auth_permission VALUES(56,14,'view_specificationsproduct','Can view specifications product');
INSERT INTO auth_permission VALUES(57,15,'add_producttask','Can add product task');
INSERT INTO auth_permission VALUES(58,15,'change_producttask','Can change product task');
INSERT INTO auth_permission VALUES(59,15,'delete_producttask','Can delete product task');
INSERT INTO auth_permission VALUES(60,15,'view_producttask','Can view product task');
INSERT INTO auth_permission VALUES(61,16,'add_timeuser','Can add timeuser');
INSERT INTO auth_permission VALUES(62,16,'change_timeuser','Can change timeuser');
INSERT INTO auth_permission VALUES(63,16,'delete_timeuser','Can delete timeuser');
INSERT INTO auth_permission VALUES(64,16,'view_timeuser','Can view timeuser');
INSERT INTO auth_permission VALUES(65,17,'add_basket','Can add basket');
INSERT INTO auth_permission VALUES(66,17,'change_basket','Can change basket');
INSERT INTO auth_permission VALUES(67,17,'delete_basket','Can delete basket');
INSERT INTO auth_permission VALUES(68,17,'view_basket','Can view basket');
INSERT INTO auth_permission VALUES(69,18,'add_timebasket','Can add timebasket');
INSERT INTO auth_permission VALUES(70,18,'change_timebasket','Can change timebasket');
INSERT INTO auth_permission VALUES(71,18,'delete_timebasket','Can delete timebasket');
INSERT INTO auth_permission VALUES(72,18,'view_timebasket','Can view timebasket');
INSERT INTO auth_permission VALUES(73,19,'add_orderprodcut','Can add order prodcut');
INSERT INTO auth_permission VALUES(74,19,'change_orderprodcut','Can change order prodcut');
INSERT INTO auth_permission VALUES(75,19,'delete_orderprodcut','Can delete order prodcut');
INSERT INTO auth_permission VALUES(76,19,'view_orderprodcut','Can view order prodcut');
INSERT INTO auth_permission VALUES(77,20,'add_ordermodel','Can add order model');
INSERT INTO auth_permission VALUES(78,20,'change_ordermodel','Can change order model');
INSERT INTO auth_permission VALUES(79,20,'delete_ordermodel','Can delete order model');
INSERT INTO auth_permission VALUES(80,20,'view_ordermodel','Can view order model');
CREATE TABLE IF NOT EXISTS "auth_group" ("id" integer NOT NULL PRIMARY KEY AUTOINCREMENT, "name" varchar(150) NOT NULL UNIQUE);
CREATE TABLE IF NOT EXISTS "auth_user" ("id" integer NOT NULL PRIMARY KEY AUTOINCREMENT, "password" varchar(128) NOT NULL, "last_login" datetime NULL, "is_superuser" bool NOT NULL, "username" varchar(150) NOT NULL UNIQUE, "last_name" varchar(150) NOT NULL, "email" varchar(254) NOT NULL, "is_staff" bool NOT NULL, "is_active" bool NOT NULL, "date_joined" datetime NOT NULL, "first_name" varchar(150) NOT NULL);
INSERT INTO auth_user VALUES(1,'pbkdf2_sha256$1000000$rInps6I0gH8FNVT43x4RNf$t0xedwYiuTfJSKMXtmYBdlMkbiT4c8GGWOtfRxocKYw=','2025-06-04 19:36:54.880769',1,'DesGun','','test@gmail.com',1,1,'2025-05-21 09:44:59.154794','');
INSERT INTO auth_user VALUES(4,'pbkdf2_sha256$1000000$gIFsHYrQN0nkZCkZ4lOHmu$zlWuNt6OOnjif6OHTQOeilpQvqsI5XPrFbOoeliOgrU=','2025-05-31 12:38:13.862586',0,'test2','','',0,1,'2025-05-31 11:18:00.675910','');
INSERT INTO auth_user VALUES(5,'pbkdf2_sha256$1000000$A2Wgvb3l4vZUqJVReClPyg$sipipZBRP+NQLy5DFM/OqnlEVsvX0VM2C1GxVhU7HAI=','2025-05-31 13:13:27.140782',0,'test1','','',0,1,'2025-05-31 13:09:37.185349','');
INSERT INTO auth_user VALUES(6,'pbkdf2_sha256$1000000$QX4gN21gE0hhK1BG42aWub$EbRQivHqKtMsb8iA5dUrSWPbEYDUDC0eUP2vc53qch4=','2025-05-31 13:18:22.066313',0,'test3','','',0,1,'2025-05-31 13:17:19.243493','');
CREATE TABLE IF NOT EXISTS "product_category" ("id" integer NOT NULL PRIMARY KEY AUTOINCREMENT, "title" varchar(100) NOT NULL, "images" varchar(100) NOT NULL);
INSERT INTO product_category VALUES(1,'Videocart','test.png');
CREATE TABLE IF NOT EXISTS "product_specifications" ("id" integer NOT NULL PRIMARY KEY AUTOINCREMENT, "name" varchar(20) NOT NULL, "value" varchar(20) NOT NULL);
INSERT INTO product_specifications VALUES(1,'Color','Red');
CREATE TABLE IF NOT EXISTS "product_tags" ("id" integer NOT NULL PRIMARY KEY AUTOINCREMENT, "name" varchar(100) NOT NULL);
INSERT INTO product_tags VALUES(1,'Texnic');
CREATE TABLE IF NOT EXISTS "product_product" ("id" integer NOT NULL PRIMARY KEY AUTOINCREMENT, "price" decimal NOT NULL, "date" varchar(100) NOT NULL, "count" integer NOT NULL, "title" varchar(100) NOT NULL, "description" text NOT NULL, "fullDescription" text NOT NULL, "freeDelivery" bool NOT NULL, "rating" decimal NOT NULL, "category_id" bigint NOT NULL REFERENCES "product_category" ("id") DEFERRABLE INITIALLY DEFERRED, "dateFrom" varchar(100) NULL, "dateTo" varchar(100) NULL, "sale_price" integer NULL);
INSERT INTO product_product VALUES(1,2000,'25-08-2015',12,'Videocart750','test','No fullDescription',1,3,1,'25-08','25-09',500);
INSERT INTO product_product VALUES(2,1000,'25-02-2015',4,'Videocart125','test','No fullDescription',1,2,1,NULL,NULL,0);
INSERT INTO product_product VALUES(3,1500,'25-02-2015',15,'Videocart','test','No fullDescription',0,3,1,NULL,NULL,NULL);
CREATE TABLE IF NOT EXISTS "product_productimages" ("id" integer NOT NULL PRIMARY KEY AUTOINCREMENT, "image" varchar(100) NOT NULL, "id_product_id" bigint NOT NULL REFERENCES "product_product" ("id") DEFERRABLE INITIALLY DEFERRED);
INSERT INTO product_productimages VALUES(1,'https://3dnews.ru/assets/external/illustrations/2014/04/14/818600/00_logo_big.jpg',1);
INSERT INTO product_productimages VALUES(2,'https://www.ixbt.com/video3/images/gm107-5/gigabyte-gtx750ti-front.jpg',1);
INSERT INTO product_productimages VALUES(3,'http://www.evga.com/products/images/gallery/02G-P4-3757-KR_XL_6.jpg',1);
INSERT INTO product_productimages VALUES(4,'http://www.evga.com/products/images/gallery/02G-P4-3757-KR_XL_6.jpg',2);
INSERT INTO product_productimages VALUES(5,'http://www.evga.com/products/images/gallery/02G-P4-3757-KR_XL_6.jpg',3);
CREATE TABLE IF NOT EXISTS "product_reviews" ("id" integer NOT NULL PRIMARY KEY AUTOINCREMENT, "text" text NOT NULL, "rate" integer NOT NULL, "date" varchar(100) NOT NULL, "author_id" integer NOT NULL REFERENCES "auth_user" ("id") DEFERRABLE INITIALLY DEFERRED, "product_id_id" bigint NOT NULL REFERENCES "product_product" ("id") DEFERRABLE INITIALLY DEFERRED);
INSERT INTO product_reviews VALUES(1,'No text',2,'25-01-2025',1,1);
CREATE TABLE IF NOT EXISTS "product_specificationsproduct" ("id" integer NOT NULL PRIMARY KEY AUTOINCREMENT, "product_id" bigint NOT NULL REFERENCES "product_product" ("id") DEFERRABLE INITIALLY DEFERRED, "specific_id" bigint NOT NULL REFERENCES "product_specifications" ("id") DEFERRABLE INITIALLY DEFERRED);
INSERT INTO product_specificationsproduct VALUES(1,1,1);
CREATE TABLE IF NOT EXISTS "product_producttask" ("id" integer NOT NULL PRIMARY KEY AUTOINCREMENT, "product_id" bigint NOT NULL REFERENCES "product_product" ("id") DEFERRABLE INITIALLY DEFERRED, "tags_id" bigint NOT NULL REFERENCES "product_tags" ("id") DEFERRABLE INITIALLY DEFERRED);
INSERT INTO product_producttask VALUES(1,1,1);
CREATE TABLE IF NOT EXISTS "product_timeuser" ("id" integer NOT NULL PRIMARY KEY AUTOINCREMENT, "user" integer NOT NULL);
INSERT INTO product_timeuser VALUES(1,1);
INSERT INTO product_timeuser VALUES(2,2);
INSERT INTO product_timeuser VALUES(3,3);
INSERT INTO product_timeuser VALUES(4,4);
INSERT INTO product_timeuser VALUES(5,5);
INSERT INTO product_timeuser VALUES(6,6);
INSERT INTO product_timeuser VALUES(7,7);
INSERT INTO product_timeuser VALUES(8,8);
INSERT INTO product_timeuser VALUES(9,9);
INSERT INTO product_timeuser VALUES(10,10);
INSERT INTO product_timeuser VALUES(11,11);
INSERT INTO product_timeuser VALUES(12,12);
INSERT INTO product_timeuser VALUES(13,13);
INSERT INTO product_timeuser VALUES(14,14);
INSERT INTO product_timeuser VALUES(15,15);
INSERT INTO product_timeuser VALUES(16,16);
INSERT INTO product_timeuser VALUES(17,17);
INSERT INTO product_timeuser VALUES(18,18);
INSERT INTO product_timeuser VALUES(19,19);
INSERT INTO product_timeuser VALUES(20,20);
CREATE TABLE IF NOT EXISTS "product_basket" ("id" integer NOT NULL PRIMARY KEY AUTOINCREMENT, "count" integer NOT NULL, "product_id" bigint NOT NULL REFERENCES "product_product" ("id") DEFERRABLE INITIALLY DEFERRED, "user_id_id" integer NOT NULL REFERENCES "auth_user" ("id") DEFERRABLE INITIALLY DEFERRED);
INSERT INTO product_basket VALUES(27,2,3,1);
CREATE TABLE IF NOT EXISTS "product_timebasket" ("id" integer NOT NULL PRIMARY KEY AUTOINCREMENT, "count" integer NOT NULL, "product_id" bigint NOT NULL REFERENCES "product_product" ("id") DEFERRABLE INITIALLY DEFERRED, "user_id_id" bigint NOT NULL REFERENCES "product_timeuser" ("id") DEFERRABLE INITIALLY DEFERRED);
INSERT INTO product_timebasket VALUES(5,2,1,2);
INSERT INTO product_timebasket VALUES(7,1,1,5);
INSERT INTO product_timebasket VALUES(8,1,1,6);
INSERT INTO product_timebasket VALUES(9,1,2,7);
INSERT INTO product_timebasket VALUES(10,1,1,8);
INSERT INTO product_timebasket VALUES(11,1,3,9);
INSERT INTO product_timebasket VALUES(12,1,1,10);
INSERT INTO product_timebasket VALUES(13,1,2,11);
INSERT INTO product_timebasket VALUES(14,1,2,12);
INSERT INTO product_timebasket VALUES(15,1,1,13);
INSERT INTO product_timebasket VALUES(16,1,1,14);
INSERT INTO product_timebasket VALUES(17,1,1,15);
INSERT INTO product_timebasket VALUES(18,1,2,16);
INSERT INTO product_timebasket VALUES(19,1,3,17);
INSERT INTO product_timebasket VALUES(20,1,2,18);
CREATE TABLE IF NOT EXISTS "django_session" ("session_key" varchar(40) NOT NULL PRIMARY KEY, "session_data" text NOT NULL, "expire_date" datetime NOT NULL);
INSERT INTO django_session VALUES('ldd38wkenx3c3gqz0pdjx9tdycwnwkrz','.eJxVjDsKwzAQRO-iOgiv1_qlTO8zCH1WkZMggWVXIXePBS6SYhiY95g3s27fst0brXaJ7MqAXX4378KTSgfx4cq98lDLti6ed4WftPG5RnrdTvfvILuW-61GNQwCJkyaAsCkAVMYdXQjHvFoZCJFRN5F8gYEgJFCqqMgSY_s8wXJzTdr:1uLJCb:fsjO7KJd2YLnYRIpklQU066UK-XL1DRj1esRj_WOsnA','2025-06-14 10:12:33.273393');
INSERT INTO django_session VALUES('xcelotgis3jjan7jze39jucxenipbniu','.eJxVjMsKwyAURP_lroN4NTHaZff5glLEx7WmLRHyWJX-exOQQhbDMDOH-cC20GzHCBfBGyhzrOl2b8C6bc32DwDCqfMuvGg6hvh006OwUKZ1Hj07EFbXhQ0l0vta2dNBdks-brXsOe-wlUlTQGw1yhSEjk7IXV4alagnIu8ieYMdolGd6nfDpLyE7w8Ng0AM:1uMtuw:mIhUoIxfaL1HPe20FaLh8TuoCRqUjpAw30wRs0ejtBA','2025-06-18 19:36:54.891140');
CREATE TABLE IF NOT EXISTS "user_myuser" ("id" integer NOT NULL PRIMARY KEY AUTOINCREMENT, "phone" varchar(11) NULL, "user_id" integer NOT NULL UNIQUE REFERENCES "auth_user" ("id") DEFERRABLE INITIALLY DEFERRED, "name" varchar(50) NULL, "avatar" varchar(100) NULL);
INSERT INTO user_myuser VALUES(1,NULL,1,NULL,NULL);
INSERT INTO user_myuser VALUES(4,NULL,4,NULL,NULL);
INSERT INTO user_myuser VALUES(5,NULL,5,NULL,NULL);
INSERT INTO user_myuser VALUES(6,NULL,6,NULL,NULL);
CREATE TABLE IF NOT EXISTS "order_orderprodcut" ("id" integer NOT NULL PRIMARY KEY AUTOINCREMENT, "count" integer NOT NULL, "product_id" bigint NOT NULL REFERENCES "product_product" ("id") DEFERRABLE INITIALLY DEFERRED, "order_id" bigint NOT NULL REFERENCES "order_ordermodel" ("id") DEFERRABLE INITIALLY DEFERRED);
INSERT INTO order_orderprodcut VALUES(42,1,2,32);
INSERT INTO order_orderprodcut VALUES(43,1,3,33);
INSERT INTO order_orderprodcut VALUES(44,1,2,34);
INSERT INTO order_orderprodcut VALUES(45,1,2,35);
INSERT INTO order_orderprodcut VALUES(46,2,3,36);
INSERT INTO order_orderprodcut VALUES(47,2,3,37);
CREATE TABLE IF NOT EXISTS "order_ordermodel" ("id" integer NOT NULL PRIMARY KEY AUTOINCREMENT, "createdAt" varchar(100) NULL, "fullname" varchar(100) NULL, "email" varchar(100) NULL, "phone" varchar(100) NULL, "deliveryType" varchar(100) NULL, "paymentType" varchar(100) NULL, "status" varchar(100) NULL, "city" varchar(100) NULL, "address" varchar(100) NULL, "totalCost" integer NULL);
INSERT INTO order_ordermodel VALUES(32,'31.05.2025 13:09:25',NULL,NULL,NULL,NULL,NULL,NULL,NULL,NULL,NULL);
INSERT INTO order_ordermodel VALUES(33,'31.05.2025 13:13:15',NULL,NULL,NULL,NULL,NULL,NULL,NULL,NULL,NULL);
INSERT INTO order_ordermodel VALUES(34,'31.05.2025 13:17:05',NULL,NULL,NULL,NULL,NULL,NULL,NULL,NULL,NULL);
INSERT INTO order_ordermodel VALUES(35,'31.05.2025 13:17:30',NULL,NULL,NULL,NULL,NULL,NULL,NULL,NULL,NULL);
INSERT INTO order_ordermodel VALUES(36,'05.06.2025 10:55:43','DesGun','test','test',NULL,'someone',NULL,'test','test',3000);
INSERT INTO order_ordermodel VALUES(37,'09.06.2025 10:18:48','DesGun','test','test','express','someone','paid','test','test',3000);
DELETE FROM sqlite_sequence;
INSERT INTO sqlite_sequence VALUES('django_migrations',27);
INSERT INTO sqlite_sequence VALUES('django_admin_log',118);
INSERT INTO sqlite_sequence VALUES('django_content_type',20);
INSERT INTO sqlite_sequence VALUES('auth_permission',80);
INSERT INTO sqlite_sequence VALUES('auth_group',0);
INSERT INTO sqlite_sequence VALUES('auth_user',6);
INSERT INTO sqlite_sequence VALUES('user_myuser',6);
INSERT INTO sqlite_sequence VALUES('product_category',1);
INSERT INTO sqlite_sequence VALUES('product_product',3);
INSERT INTO sqlite_sequence VALUES('product_tags',1);
INSERT INTO sqlite_sequence VALUES('product_specifications',1);
INSERT INTO sqlite_sequence VALUES('product_specificationsproduct',1);
INSERT INTO sqlite_sequence VALUES('product_reviews',1);
INSERT INTO sqlite_sequence VALUES('product_producttask',1);
INSERT INTO sqlite_sequence VALUES('product_productimages',5);
INSERT INTO sqlite_sequence VALUES('product_basket',27);
INSERT INTO sqlite_sequence VALUES('product_timeuser',20);
INSERT INTO sqlite_sequence VALUES('product_timebasket',21);
INSERT INTO sqlite_sequence VALUES('order_orderprodcut',47);
INSERT INTO sqlite_sequence VALUES('order_ordermodel',37);
CREATE UNIQUE INDEX "auth_group_permissions_group_id_permission_id_0cd325b0_uniq" ON "auth_group_permissions" ("group_id", "permission_id");
CREATE INDEX "auth_group_permissions_group_id_b120cbf9" ON "auth_group_permissions" ("group_id");
CREATE INDEX "auth_group_permissions_permission_id_84c5c92e" ON "auth_group_permissions" ("permission_id");
CREATE UNIQUE INDEX "auth_user_groups_user_id_group_id_94350c0c_uniq" ON "auth_user_groups" ("user_id", "group_id");
CREATE INDEX "auth_user_groups_user_id_6a12ed8b" ON "auth_user_groups" ("user_id");
CREATE INDEX "auth_user_groups_group_id_97559544" ON "auth_user_groups" ("group_id");
CREATE UNIQUE INDEX "auth_user_user_permissions_user_id_permission_id_14a6b632_uniq" ON "auth_user_user_permissions" ("user_id", "permission_id");
CREATE INDEX "auth_user_user_permissions_user_id_a95ead1b" ON "auth_user_user_permissions" ("user_id");
CREATE INDEX "auth_user_user_permissions_permission_id_1fbb5f2c" ON "auth_user_user_permissions" ("permission_id");
CREATE INDEX "django_admin_log_content_type_id_c4bce8eb" ON "django_admin_log" ("content_type_id");
CREATE INDEX "django_admin_log_user_id_c564eba6" ON "django_admin_log" ("user_id");
CREATE UNIQUE INDEX "django_content_type_app_label_model_76bd3d3b_uniq" ON "django_content_type" ("app_label", "model");
CREATE UNIQUE INDEX "auth_permission_content_type_id_codename_01ab375a_uniq" ON "auth_permission" ("content_type_id", "codename");
CREATE INDEX "auth_permission_content_type_id_2f476e4b" ON "auth_permission" ("content_type_id");
CREATE INDEX "product_product_category_id_0c725779" ON "product_product" ("category_id");
CREATE INDEX "product_productimages_id_product_id_5941486e" ON "product_productimages" ("id_product_id");
CREATE INDEX "product_reviews_author_id_82a14c61" ON "product_reviews" ("author_id");
CREATE INDEX "product_reviews_product_id_id_f148f9c8" ON "product_reviews" ("product_id_id");
CREATE INDEX "product_specificationsproduct_product_id_ff05a5b2" ON "product_specificationsproduct" ("product_id");
CREATE INDEX "product_specificationsproduct_specific_id_3d9cdee6" ON "product_specificationsproduct" ("specific_id");
CREATE INDEX "product_producttask_product_id_3fcf6d24" ON "product_producttask" ("product_id");
CREATE INDEX "product_producttask_tags_id_77ff26aa" ON "product_producttask" ("tags_id");
CREATE INDEX "product_basket_product_id_1e3cfaac" ON "product_basket" ("product_id");
CREATE INDEX "product_basket_user_id_id_25232bed" ON "product_basket" ("user_id_id");
CREATE INDEX "product_timebasket_product_id_1dd9b727" ON "product_timebasket" ("product_id");
CREATE INDEX "product_timebasket_user_id_id_835da2e0" ON "product_timebasket" ("user_id_id");
CREATE INDEX "django_session_expire_date_a5c62663" ON "django_session" ("expire_date");
CREATE INDEX "order_orderprodcut_product_id_721b41e3" ON "order_orderprodcut" ("product_id");
CREATE INDEX "order_orderprodcut_order_id_8ecbf3b5" ON "order_orderprodcut" ("order_id");
COMMIT;
